JOHNSON,NWAD
abacke,aback
abby,abbe
abby,ably
abby,aby
acronycally,acronically
am,aam
am,ac
am,al
am,ama
am,amb
am,awm
am,aum
am,ax
ar,ac
ar,al
ar,ax
arreted,arrected
arreted,arrested
banditto,banditti
bannian,bandian
bannian,banian
beborn,betorn
belfounder,bellfounder
bellibone,belllibone
bemad,bema
bepiss,bekiss
bert,bere
bezil,bezel
bipennated,bipennate
boulderwalls,boulderwall
breastropes,breastrope
bucaniers,bucanier
caltrops,caltrop
camisado,camisade
caracole,caracol
caracole,caracoly
carnelion,carnelian
cavillous,cavilous
christianity,christianite
christianity,chistianity
cimar,cigar
cimar,cizar
cimeter,cimiter
cognisor,cognizor
comfortably,comfortabley
consecrater,consecrated
consecrater,consecrator
counsellor,counselor
crusado,crusade
cryout,crout
crystallize,crystalize
crystallize,crystallite
dialectic,dialectics
disembowelled,disemboweled
dispersedly,dispersedlyb
dogdays,dogday
downfal,downfall
dutchycourt,duchycourt
elicite,elicited
enceinte,enceint
epocha,epoch
eringo,eryngo
excandescency,excandescence
flaxweed,flaxseed
flaxweed,flixweed
fosse,foss
gaffles,gaffle
gaude,gaud
gaude,gauded
glead,gead
gluy,gluey
granulary,granular
greensword,greensward
haggish,hagish
hallelujah,halleluiah
hammock,hammoc
hinderling,hindering
hippocrass,hippocras
hydragogues,hydragogue
impolitic,inpolitic
impudency,impudence
instil,instill
instructer,instructed
instructer,instructor
intactible,intactable
intemperancy,intemperance
inthralment,inthrallment
irreprovable,irreprovalbe
irreprovable,irreprovably
julap,julep
labra,libra
linseed,lintseed
malecontented,malcontented
manacles,manacled
marvellousness,marvelousness
meiny,meny
meiny,miny
melanagogues,melanagogue
mercantant,mercantante
minstrelsey,minstrelsy
mistate,misdate
mistate,misrate
mistate,misstate
misy,miny
misy,misly
misy,missy
misy,mity
mnemonicks,mnemonics
modeller,modeler
moult,molt
musrol,musrole
nectareous,nactareous
nectareous,nectarous
oligarchy,oligrachy
outragious,outrageous
overhale,overhele
pageantry,pageanty
pavin,patin
pavin,pavan
pavin,paving
peripneumonia,peripneumonic
phantasma,phantasm
pilfery,pillery
practizer,practicer
quarreller,quarreler
quoil,quoll
rakehel,rakehell
recognisor,recognitor
recognisor,recognizor
selion,sealion
shellduck,shelduck
shew,skew
shew,smew
shoveller,shoveler
similary,similar
similary,similarly
sniveller,sniveler
spectacle,specktacle
speculation,specuation
spermaceti,spermaceto
spinningwheel,spiningwheel
stiptical,styptical
stocks,stocky
subtile,substile
subtile,subtil
subtile,sutile
tartane,tartan
threshing,thrashing
thunderous,thundrous
tofore,tifore
trainbands,trainband
tussuck,tussuc
uncancelled,uncanceled
unputrified,unputrefied
unskanned,unscanned
vancourier,vancouriers
wemm,wem
wherever,whenever
wherever,whereever
wingedpea,windgedpea
